{
    "missing_percentage": 0.10326086956521739,
    "most_missing_column": 0.10434782608695652,
    "duplication_percentage": 0.017391304347826087,
    "outliers_percentage": 0.013100189035916825,
    "most_outliers_column": 0.10434782608695652,
    "unique_columns": 0.75,
    "dominated_columns": 0.125,
    "max_mishmashed_case": 0.75,
    "dataset_quality_score": 0.7744136510937079
}